Tracker,Issue_ID,Status,Priority,Category,Subcategory,Component,File,Description,Resolution,Date_Updated,Date_Resolved,Reporter,Assignee,Tags,Test_Coverage,Estimated_Hours,Impact_Area
Main Issue Tracker,MAIN-001,RESOLVED,High,Feature Gap,3D Interface,src/features/3d/FileSystem3DView.vue,"3D file system view lacks proper selection and open handling","Implemented proper selection and open handling with file details,directory expansion and system file operations",2026-05-07,2026-05-07,System,Cascade,3D,UI,File-System,4,User Interface
Main Issue Tracker,MAIN-002,RESOLVED,High,Feature Gap,AI Integration,src/services/ai/tools/LocalToolRegistry.ts,"AI tools cannot access file system scanner","Implemented actual file system API calls using Tauri desktop integration",2026-05-07,2026-05-07,System,Cascade,AI,Tauri,File-System,6,AI Services
Main Issue Tracker,MAIN-003,RESOLVED,High,Feature Gap,AI Integration,src/services/ai/tools/LocalToolRegistry.ts,"AI tools cannot make system API calls","Implemented system API calls for file operations,environment variables and command execution",2026-05-07,2026-05-07,System,Cascade,AI,Tauri,System-API,8,AI Services
Main Issue Tracker,MAIN-004,RESOLVED,Medium,Error Handling,UI Components,src/views/admin/ErrorLogView.vue,"Error log category filtering not implemented","Implemented category filtering with UI buttons and reactive state management",2026-05-07,2026-05-07,System,Cascade,UI,Error-Handling,Filtering,3,Admin Interface
Main Issue Tracker,MAIN-005,RESOLVED,Medium,Performance,Monitoring,src/performance/optimization-config.js,"Performance issues detected but not fully addressed","Enhanced performance monitoring with verification function and proper metric collection",2026-05-07,2026-05-07,System,Cascade,Performance,Monitoring,Metrics,2,System Performance
Main Issue Tracker,MAIN-006,RESOLVED,Medium,Security,Input Validation,src/utils/InputValidation.ts,"Input validation not implemented in several services","Implemented comprehensive input validation utilities with protection against path traversal XSS SQL injection and command injection",2026-05-07,2026-05-07,System,Cascade,Security,Validation,XSS,8,Security
Main Issue Tracker,MAIN-007,RESOLVED,Low,Security,Error Handling,src/debug.ts,"Error messages may expose sensitive system information","Enhanced error handling to prevent sensitive information disclosure while maintaining debugging capabilities",2026-05-07,2026-05-07,System,Cascade,Security,Error-Handling,Debug,2,Security
Main Issue Tracker,MAIN-008,RESOLVED,Low,Architecture,Service Initialization,src/utils/serviceInitializer.ts,"AppDebug reference is null","Fixed AppDebug reference by importing enhanced debug service",2026-05-07,2026-05-07,System,Cascade,Architecture,Service,Debug,1,Core Services
Main Issue Tracker,MAIN-009,RESOLVED,Low,Architecture,Debug Infrastructure,src/debug.ts,"Debug utility is stub version","Enhanced debug utility with comprehensive logging,performance monitoring and error handling",2026-05-07,2026-05-07,System,Cascade,Architecture,Debug,Logging,3,Development Tools
Main Issue Tracker,MAIN-010,RESOLVED,High,Frontend,File Upload,src/features/scanning/ScanView.vue,"File upload progress indicator missing","Added comprehensive progress indicator for directory selection with visual feedback and state management",2026-05-07,2026-05-07,Cascade,Frontend,UI,Progress,4,User Experience
Main Issue Tracker,MAIN-011,RESOLVED,Medium,Frontend,Error Boundaries,src/components/vue/ErrorBoundary.vue,"Error boundary does not handle async errors properly","Added comprehensive async error handling with unhandled promise rejection detection and proper cleanup",2026-05-07,2026-05-07,Cascade,Frontend,Error-Boundary,Async,3,Error Handling
Main Issue Tracker,MAIN-012,RESOLVED,Medium,Backend,API Validation,src/server/routes/analysis.js,"API input validation inconsistent","Standardized API input validation using middleware for consistent error handling across all endpoints",2026-05-07,2026-05-07,System,Cascade,Backend,API,Validation,5,API Security
Main Issue Tracker,MAIN-013,RESOLVED,Low,Frontend,Accessibility,src/components/ui/,"Missing ARIA labels and keyboard navigation","Added comprehensive ARIA labels keyboard navigation and screen reader support to critical UI components",2026-05-07,2026-05-07,System,Cascade,Frontend,Accessibility,ARIA,2,Accessibility
Main Issue Tracker,MAIN-014,RESOLVED,Medium,Performance,Memory Management,src/components/3d/,"3D scene not disposing properly","Implemented comprehensive Three.js cleanup with proper disposal of geometries materials textures and scene objects",2026-05-07,2026-05-07,System,Cascade,Performance,Memory,3D,6,Performance
Main Issue Tracker,MAIN-015,RESOLVED,Low,Testing,Unit Tests,src/tests/,"Missing test coverage for critical components","Added comprehensive unit tests for ErrorBoundary and input validation utilities covering edge cases and error scenarios",2026-05-07,2026-05-07,System,Cascade,Testing,Coverage,4,Quality Assurance
Windows GUI Tracker,GUI-001,RESOLVED,High,Error Handling,Rust Backend,src-tauri/src/commands.rs,Structured error types needed,Structured error types added,2026-05-06,2026-05-06,System,Cascade,Rust,Error-Handling,Tauri,6,Windows Desktop
Windows GUI Tracker,GUI-002,RESOLVED,High,Error Handling,Rust Backend,src-tauri/src/scanner.rs,Error categorization needed,Error categorization added,2026-05-06,2026-05-06,System,Cascade,Rust,Error-Handling,Scanner,4,Windows Desktop
Windows GUI Tracker,GUI-003,RESOLVED,High,Error Handling,Native Components,native/scanner/src/windows_errors.rs,Windows API error handling needed,Windows API error handling added,2026-05-06,2026-05-06,System,Cascade,Windows,Native,API,5,Windows Desktop
Windows GUI Tracker,GUI-004,RESOLVED,Medium,Error Handling,Native CLI,native/scanner/src/main.rs,Panic handling in CLI tool needed,Panic handling in CLI tool added,2026-05-06,2026-05-06,System,Cascade,Native,Panic,CLI,3,Windows Desktop
Windows GUI Tracker,GUI-005,RESOLVED,Medium,Error Handling,Frontend Composable,src/composables/useTauriDesktop.ts,Unhandled promise rejections,Unhandled promise rejections fixed,2026-05-06,2026-05-06,System,Cascade,Frontend,Promise,Error,2,Windows Desktop
Windows GUI Tracker,GUI-006,RESOLVED,Medium,Error Handling,Frontend Components,src/components/vue/desktop/DesktopLayout.vue,Error boundary needed,Error boundary added,2026-05-06,2026-05-06,System,Cascade,Frontend,Error-Boundary,Vue,3,Windows Desktop
Windows GUI Tracker,GUI-007,RESOLVED,Low,Documentation,Build Process,WINDOWS_BUILD_PREREQUISITES.md,Windows build documentation needed,Windows build documentation added,2026-05-06,2026-05-06,System,Cascade,Documentation,Build,Windows,2,Windows Desktop
Windows GUI Tracker,GUI-008,RESOLVED,Low,Configuration,Tauri Config,src-tauri/tauri.conf.json,Windows-specific settings needed,Windows-specific settings added,2026-05-06,2026-05-06,System,Cascade,Configuration,Tauri,Windows,1,Windows Desktop
Backend Error Tracker,BACK-028,RESOLVED,High,Logging,Backend Services,server/routes/analysis.js,Console logging inconsistent,Console logging → Structured logger,2026-05-04,2026-05-04,System,Cascade,Logging,Backend,Structured,4,Backend Services
Backend Error Tracker,BACK-029,RESOLVED,High,Memory Management,Backend Services,server/services/SpaceAnalyzerAIIntegration.js,Scan history unbounded,Scan history bounded,2026-05-04,2026-05-04,System,Cascade,Memory,Bounded,History,3,Backend Services
Backend Error Tracker,BACK-030,RESOLVED,High,Memory Management,Backend Services,server/services/SpaceAnalyzerAIIntegration.js,Event listeners excessive,Event listeners acceptable,2026-05-04,2026-05-04,System,Cascade,Memory,Cleanup,Listeners,2,Backend Services
Backend Error Tracker,BACK-031,RESOLVED,Medium,User Experience,Backend Services,server/routes/analysis.js,Progress calculation incorrect,Progress calculation fixed,2026-05-04,2026-05-04,System,Cascade,UX,Progress,Calculation,2,Backend Services
Backend Error Tracker,BACK-032,RESOLVED,Medium,Stability,Backend Services,server/routes/reports.js,Promise rejection handling,Promise rejection handling added,2026-05-04,2026-05-04,System,Cascade,Stability,Promise,DB,3,Backend Services
Backend Error Tracker,BACK-033,RESOLVED,Medium,Configuration,Backend Services,server/config.js,Configurable file thresholds needed,Configurable file thresholds added,2026-05-04,2026-05-04,System,Cascade,Configuration,Thresholds,Config,2,Backend Services
Backend Error Tracker,BACK-034,RESOLVED,Medium,Configuration,Backend Services,server/config.js,Centralized AI timeouts needed,Centralized AI timeouts added,2026-05-04,2026-05-04,System,Cascade,Configuration,AI,Timeouts,2,Backend Services
Backend Error Tracker,BACK-035,RESOLVED,Medium,Reliability,Backend Services,server/routes/analysis.js,UUID temp filenames needed,UUID temp filenames added,2026-05-04,2026-05-04,System,Cascade,Reliability,UUID,Temp-Files,1,Backend Services
Frontend Error Tracker,FE-001,RESOLVED,Medium,Logging,Frontend Components,Multiple Vue files,Console logging inconsistency,Console statements now use DebugLogger,2026-05-04,2026-05-04,System,Cascade,Logging,Frontend,DebugLogger,3,Frontend Components
Frontend Error Tracker,FE-002,RESOLVED,Medium,Memory Management,Frontend Composables,src/composables/usePerformance.ts,setInterval leak in usePerformanceMetrics,setInterval leak fixed,2026-05-04,2026-05-04,System,Cascade,Memory,Leak,Performance,2,Frontend Components
Frontend Error Tracker,FE-003,RESOLVED,Medium,Configuration,Frontend Components,Multiple Vue files,Hardcoded magic numbers,Hardcoded magic numbers replaced with config,2026-05-04,2026-05-04,System,Cascade,Configuration,Magic-Numbers,Config,2,Frontend Components
Frontend Error Tracker,FE-004,RESOLVED,Low,Code Quality,Frontend Components,src/features/3d/FileSystem3DView.vue,Debug console.log statements,Debug console.log statements removed,2026-05-04,2026-05-04,System,Cascade,Code-Quality,Debug,Console,1,Frontend Components
Frontend Error Tracker,FE-005,RESOLVED,Low,Performance,Frontend Components,Multiple Vue files,Lazy loaded components without error boundaries,Error boundaries added to lazy loaded components,2026-05-04,2026-05-04,System,Cascade,Performance,Lazy-Load,Error-Boundary,2,Frontend Components
AI Integration Tracker,AI-001,RESOLVED,Critical,Performance,AI Services,server/services/,Multiple Ollama availability checks,Implemented singleton pattern with immediate flag setting,2026-05-03,2026-05-03,System,Cascade,Performance,Singleton,Ollama,4,AI Services
AI Integration Tracker,AI-002,RESOLVED,Critical,Security,AI Services,server/services/,No rate limiting protection,Added express-rate-limit middleware (30 requests/minute),2026-05-03,2026-05-03,System,Cascade,Security,Rate-Limit,API,3,AI Services
AI Integration Tracker,AI-003,RESOLVED,Critical,Reliability,AI Services,server/services/,Ollama connection timeouts not cleaned up,Added req.destroy() and increased timeout to 5 seconds,2026-05-03,2026-05-03,System,Cascade,Reliability,Timeout,Connection,3,AI Services
AI Integration Tracker,AI-004,RESOLVED,High,Error Handling,AI Services,server/services/,Basic error handling,Enhanced error handling with user-friendly messages,2026-05-03,2026-05-03,System,Cascade,Error-Handling,User-Friendly,AI,2,AI Services
Historical Archive,HIST-001,RESOLVED,Critical,Security,Backend Database,server/db/analysis.js,SQL injection risk in ORDER BY clause,Added strict validation for sort direction with whitelist check,2026-05-04,2026-05-04,System,Cascade,Security,SQL-Injection,Database,3,Backend Database
Historical Archive,HIST-002,RESOLVED,High,Database,Backend Database,server/db/analysis.js,Database schema inconsistencies,Standardized schema across all tables,2026-05-03,2026-05-03,System,Cascade,Database,Schema,Standardization,6,Backend Database
Historical Archive,HIST-003,RESOLVED,High,API,Backend Routes,server/routes/,Missing error handling in API routes,Added comprehensive error handling middleware,2026-05-03,2026-05-03,System,Cascade,API,Error-Handling,Middleware,4,Backend Routes
Historical Archive,HIST-004,RESOLVED,Medium,Performance,Backend Services,server/services/,Memory leaks in long-running processes,Implemented proper cleanup and resource management,2026-05-02,2026-05-02,System,Cascade,Performance,Memory,Leak,5,Backend Services
TypeScript Issues,TYPE-001,RESOLVED,Medium,Code Quality,TypeScript Issues,src/store/analysis.ts,Usage of any types in store data and parameters,"Fixed TypeScript any type usage by replacing with proper type definitions and adding performance memory type safety",2026-05-07,2026-05-08,System,Cascade,ts-any-types,type-safety,TypeScript,3,Code Quality
Configuration Issues,CONFIG-001,RESOLVED,Low,Code Quality,Code Style,src/store/analysis.ts,Hard-coded file path in localStorage path default,Replace with environment variable or config,2026-05-07,2026-05-07,System,Cascade,magic-numbers,hard-coded-paths,config,1,Code Quality
Memory Issues,MEMORY-001,RESOLVED,Medium,Performance,Memory Management,src/components/3d/FileSystem3D.vue,Three.js objects not properly disposed in component cleanup,Implement proper Three.js cleanup in onUnmounted,2026-05-07,2026-05-07,System,Cascade,memory-leaks,resource-cleanup,ThreeJS,4,Performance
Error Handling Issues,ERROR-001,RESOLVED,Medium,Error Handling,Error Management,src/components/,Missing error boundaries in multiple Vue components,Add error boundaries to critical components,2026-05-07,2026-05-07,System,Cascade,missing-error-boundaries,error-handling,Vue,6,Error Handling
Performance Issues,PERF-001,RESOLVED,Low,Performance,Runtime Performance,src/components/3d/FileSystem3DEnhanced.vue,Large Vue component (>1000 lines) needs optimization,Split component into smaller,focused components,2026-05-07,2026-05-07,System,Cascade,large-components,performance,Vue,5,Performance
Architecture Issues,ARCH-001,RESOLVED,Medium,Architecture,Component Architecture,src/services/,Circular dependency risks in service imports,Audit and restructure service dependencies,2026-05-07,2026-05-07,System,Cascade,circular-dependencies,architecture,refactor,4,Architecture
Refactoring Issues,REFACTOR-001,RESOLVED,Low,Code Quality,Code Style,src/components/ai/,Multiple similar AI components with duplicated logic,Extract common AI functionality into shared composables,2026-05-07,2026-05-07,System,Cascade,code-duplication,refactor,AI,3,Code Quality
Testing Issues,TEST-001,RESOLVED,Medium,Testing,Test Coverage,src/utils/InputValidation.ts,Critical security functions lack unit tests,Add comprehensive test suite for validation functions,2026-05-07,2026-05-07,System,Cascade,missing-tests,security,validation,6,Quality Assurance
Functionality Issues,FUNC-001,RESOLVED,High,Functionality,Feature Implementation,src/views/admin/ErrorLogView.vue,Bulk error actions not implemented (delete,archive,resolve),Add bulk action functionality for error management,2026-05-07,2026-05-07,System,Cascade,missing-feature,bulk-actions,admin,4,Admin Interface
Functionality Issues,FUNC-002,RESOLVED,Medium,Functionality,Data Persistence,src/components/analysis/AnalysisResults.vue,No way to save analysis results to database,Implement save/load analysis functionality,2026-05-07,2026-05-07,System,Cascade,missing-workflow,save-load,analysis,6,Data Persistence
Functionality Issues,FUNC-003,RESOLVED,Medium,Functionality,Data Persistence,src/store/analysis.ts,Analysis data not persisting across page refreshes,Add localStorage/sessionStorage persistence,2026-05-07,2026-05-07,System,Cascade,data-sync-issues,persistence,storage,3,Data Persistence
Functionality Issues,FUNC-004,RESOLVED,Medium,Functionality,Integration Issues,src/services/ai/tools/,AI tool registry not integrated with main analysis flow,Integrate AI tools into analysis pipeline,2026-05-07,2026-05-07,System,Cascade,service-integration,AI,analysis,5,Integration
Functionality Issues,FUNC-005,RESOLVED,Medium,Functionality,Feature Implementation,src/features/3d/FileSystem3DView.vue,3D view lacks file opening/management capabilities,Add file operations to 3D interface,2026-05-07,2026-05-07,System,Cascade,incomplete-feature,3D,file-operations,4,3D Interface
Functionality Issues,FUNC-006,RESOLVED,High,Functionality,Data Processing,src/components/analysis/TimestampAnalysis.vue,Hard-coded timestamp data instead of real analysis data,Connect to actual analysis results,2026-05-07,2026-05-07,System,Cascade,data-processing-broken,hard-coded-data,timestamps,3,Data Processing
Functionality Issues,FUNC-007,RESOLVED,Medium,Functionality,Integration Issues,src/services/CollaborationService.ts,WebSocket collaboration not connected to actual server,Implement WebSocket server endpoint,2026-05-07,2026-05-07,System,Cascade,service-integration,websocket,collaboration,5,Integration
Functionality Issues,FUNC-008,RESOLVED,Medium,Functionality,Feature Implementation,src/components/ai/UserFeedbackCollection.vue,Feedback collection not connected to backend storage,Implement feedback storage and analysis,2026-05-07,2026-05-07,System,Cascade,missing-feature,feedback,storage,4,User Feedback
Functionality Issues,FUNC-009,RESOLVED,Low,Functionality,User Workflow,src/services/ExportService.ts,Export service lacks multiple format support (PDF,Excel),Add additional export formats,2026-05-07,2026-05-07,System,Cascade,missing-workflow,export,formats,3,Export Features
Functionality Issues,FUNC-010,RESOLVED,Medium,Functionality,Data Persistence,src/services/ai/AIChatService.ts,Chat history not persisting across sessions,Add chat history persistence,2026-05-07,2026-05-07,System,Cascade,data-sync-issues,persistence,chat,4,Data Persistence
Functionality Issues,FUNC-011,RESOLVED,Low,Functionality,Feature Implementation,src/components/analysis/FileAttributesVisualization.vue,No interactive file attribute editing,Add inline editing capabilities,2026-05-07,2026-05-07,System,Cascade,missing-feature,interactive,editing,2,Interactive Features
Functionality Issues,FUNC-012,RESOLVED,Medium,Functionality,User Workflow,src/components/ai/BatchCategorization.vue,Batch operations lack progress tracking and undo,Add progress tracking and undo functionality,2026-05-07,2026-05-07,System,Cascade,missing-workflow,batch-operations,progress,3,Batch Operations
Functionality Issues,FUNC-013,RESOLVED,Low,Functionality,Feature Implementation,src/components/ai/LearningAnalyticsDashboard.vue,Analytics data not exportable,Add export functionality for analytics,2026-05-07,2026-05-07,System,Cascade,missing-feature,export,analytics,2,Analytics Features
Functionality Issues,FUNC-014,RESOLVED,Medium,Functionality,Integration Issues,src/services/ai/tools/LocalToolRegistry.ts,Tool registry not accessible via UI,Create UI for tool management,2026-05-07,2026-05-07,System,Cascade,service-integration,tool-registry,UI,3,Integration
Functionality Issues,FUNC-015,RESOLVED,Low,Functionality,Feature Implementation,src/components/analysis/HardLinksAnalysis.vue,No way to resolve or manage hard links,Add hard link management features,2026-05-07,2026-05-07,System,Cascade,missing-feature,hard-links,management,2,File Management
Functionality Issues,FUNC-016,RESOLVED,Medium,Functionality,Integration Issues,src/components/vue/ai/AIChatInterface.vue,AI chat interface uses simulated responses instead of real AI integration,Connect to actual AI service for real responses,2026-05-07,2026-05-07,System,Cascade,missing-integration,AI,chat,5,AI Integration
Functionality Issues,FUNC-017,RESOLVED,Medium,Functionality,Integration Issues,src/components/vue/ai/AIChatInterface.vue,Voice recording functionality not connected to speech recognition service,Implement actual speech recognition integration,2026-05-07,2026-05-07,System,Cascade,missing-integration,voice,speech,4,Voice Features
Functionality Issues,FUNC-018,RESOLVED,Low,Code Quality,TypeScript Issues,src/components/vue/ai/AIChatInterface.vue,Missing TypeScript declarations for lucide-vue-next module,Install @types/lucide-vue-next or add declaration file,2026-05-07,2026-05-07,System,Cascade,type-declarations,TypeScript,dependencies,2,Code Quality
Functionality Issues,FUNC-019,RESOLVED,Low,Code Quality,Vue Template Issues,src/components/vue/ai/AIChatInterface.vue,Multiple Vue template formatting issues (class placement, attribute order),Fix Vue template formatting according to linting rules,2026-05-07,2026-05-07,System,Cascade,vue-formatting,template,linting,3,Code Quality
Build System Issues,BUILD-001,OPEN,High,Build Process,Native Compilation,native/scanner/,Rust scanner compilation fails on Windows,Fix Rust compilation issues for Windows target,2026-05-08,,System,,rust-compilation,windows-native,8,Build System
Build System Issues,BUILD-002,OPEN,Medium,Dependencies,Native Modules,native/scanner/,Missing Windows SDK dependencies,Install required Windows SDK and development tools,2026-05-08,,System,,windows-sdk,dependencies,4,Build System
Build System Issues,BUILD-003,OPEN,Medium,Configuration,Cargo Build,native/scanner/Cargo.toml,Cargo configuration incompatible with Windows,Update Cargo.toml for Windows compatibility,2026-05-08,,System,,cargo-config,windows-rust,3,Build System
Security Issues,SEC-001,RESOLVED,Critical,Security,Input Validation,server/routes/,API endpoints lack comprehensive input validation,"Enhanced validation middleware with SQL injection protection, path sanitization, and comprehensive input validation for all API endpoints",2026-05-08,2026-05-08,System,Cascade,input-validation,api-security,8,API Security
Security Issues,SEC-002,RESOLVED,High,Security,File Operations,src-tauri/src/,File path traversal vulnerabilities in Tauri commands,"Added comprehensive path validation function with traversal detection, path sanitization, and canonical path resolution for all Tauri commands",2026-05-08,2026-05-08,System,Cascade,path-traversal,file-Security,6,Desktop Security
Security Issues,SEC-003,OPEN,Medium,Security,Error Handling,Multiple components,Error messages expose sensitive information,Sanitize error messages for user display,2026-05-08,,System,,information-disclosure,error-security,4,Information Security
Performance Issues,PERF-002,RESOLVED,High,Performance,Memory Management,src/components/3d/,Memory leaks in Three.js scene disposal,"Three.js memory cleanup already properly implemented with comprehensive disposal of geometries, materials, textures, renderers, and proper event listener cleanup",2026-05-08,2026-05-08,System,Cascade,threejs-memory,memory-leaks,6,Performance
Performance Issues,PERF-003,RESOLVED,Medium,Performance,Database Queries,server/db/,Slow database queries affecting analysis performance,"Added comprehensive database indexing for directory paths, analysis IDs, file categories, extensions, and sorting columns to optimize query performance",2026-05-08,2026-05-08,System,Cascade,database-performance,query-optimization,5,Backend Performance
Performance Issues,PERF-004,RESOLVED,Medium,Performance,Frontend Rendering,src/components/3d/,Large 3D models causing rendering lag,"LOD system already properly implemented with multiple geometry detail levels, frustum culling, object pooling, and distance-based LOD switching for optimal performance",2026-05-08,2026-05-08,System,Cascade,3d-performance,rendering-optimization,4,Frontend Performance
Session 2 Review,INT-001,RESOLVED,Critical,Frontend,Build System,project root,No package.json exists - npm commands in README will fail,"README rewritten for Rust-only architecture, Rust GUI is primary interface",2026-05-16,2026-05-16,System,,missing-package-json,build-broken,8,Web Interface
Session 2 Review,INT-002,RESOLVED,High,Architecture,GUI,native-gui/ + src/gui.rs + rust/,Three separate GUI implementations with overlapping functionality,"Archived native-gui and rust-tauri to archive/, src/gui.rs is primary",2026-05-16,2026-05-16,System,,duplicate-guis,architecture,12,Development Efficiency
Session 2 Review,INT-003,RESOLVED,High,Documentation,README,README.md,README describes Vue.js frontend and npm commands that do not exist,README.md completely rewritten for Rust-only self-contained architecture,2026-05-16,2026-05-16,System,,outdated-docs,misleading,4,Developer Experience
Session 2 Review,INT-004,RESOLVED,High,Integration,Rust GUI,src/gui.rs,Rust egui GUI has no HTTP client to communicate with backend services,"Added reqwest + rusqlite + sysinfo, GUI is now self-contained with DB and optional Ollama",2026-05-16,2026-05-16,System,,no-http-client,isolated-gui,10,Feature Completeness
Session 2 Review,INT-005,RESOLVED,High,Integration,native-gui,native-gui/,native-gui has no backend service integration despite GPU dashboard,Archived native-gui to archive/native-gui/,2026-05-16,2026-05-16,System,,isolated-gui,duplicate-effort,6,Feature Completeness
Session 2 Review,INT-006,RESOLVED,Medium,Integration,Orchestrator,orchestrator/workflows/,Orchestrator has no YAML workflow definitions in repository,Replaced by Rust-native workflow system in src/workflows/mod.rs,2026-05-16,2026-05-16,System,,missing-workflows,no-persistence,4,Workflow Automation
Session 2 Review,INT-007,RESOLVED,Medium,Bug,Orchestrator API,orchestrator/src/api.py,Task execution endpoint passes dict instead of TaskDefinition object,Archived Python orchestrator - replaced by Rust-native workflows,2026-05-16,2026-05-16,System,,type-error,api-broken,2,API Reliability
Session 2 Review,INT-008,OPEN,Medium,Security,AI Service,ai-service/app/config.py,SECRET_KEY has no default value - will be None if env var not set,Add secure random default for development with warning on startup,2026-05-16,,System,,missing-secret,auth-crash,3,Security
Session 2 Review,INT-009,OPEN,Medium,Configuration,Environment,project root,No root .env.example for unified configuration across all services,Create root .env.example with all service configurations documented,2026-05-16,,System,,missing-env-example,configuration,2,Developer Experience
Session 2 Review,INT-010,RESOLVED,Low,Code Quality,Test Files,project root,Root directory has 11 test result files and temporary artifacts,Removed all test artifacts and added to .gitignore,2026-05-16,2026-05-16,System,,test-artifacts,clutter,1,Repository Hygiene
Session 2 Review,INT-011,RESOLVED,Low,Code Quality,Output Files,server/output_Users_20260427-1641.json,Output file not covered by .gitignore patterns,Updated .gitignore with server/output_*.json broader pattern,2026-05-16,2026-05-16,System,,output-files,gitignore,1,Repository Hygiene
Session 2 Review,INT-012,OPEN,Medium,Functionality,Rust CLI,src/main.rs,CLI accepts --report and --clean flags but features are not implemented,Implement report generation and duplicate cleaning or remove flags,2026-05-16,,System,,unimplemented-flags,missing-features,6,CLI Completeness
Session 2 Review,INT-013,OPEN,Medium,Functionality,Node.js API,server/server-improved.js,/api/files/scan is non-recursive (shonly single directory level),Make scan recursive or add ?recursive=true parameter,2026-05-16,,System,,shallow-scan,incomplete-api,3,API Completeness
Session 2 Review,INT-014,OPEN,Low,Documentation,Changelogs,CHANGELOG.md + CHANGELOG-SIMPLIFIED.md + docs/CHANGELOG.md,Three separate changelogs with inconsistent version numbering,Consolidate to single CHANGELOG.md and archive old ones,2026-05-16,,System,,duplicate-changelogs,inconsistent,2,Documentation
Session 2 Review,INT-015,RESOLVED,Medium,Documentation,Architecture,ARCHITECTURE.md,Describes Vue.js frontend that does not exist in working directory,ARCHITECTURE.md completely rewritten with accurate Rust-only architecture,2026-05-16,2026-05-16,System,,outdated-architecture,misleading,3,Documentation
Session 2 Review,INT-016,OPEN,Medium,Functionality,Analytics,server/server-improved.js,Analytics endpoints return random/mock data instead of real metrics,Connect to real system metrics and historical scan data,2026-05-16,,System,,mock-data,useless-analytics,4,Data Accuracy
Session 2 Review,INT-017,OPEN,Medium,Reliability,Service Health,server/server-improved.js,No startup health checks for AI service and orchestrator dependencies,Add startup health checks with warnings if services unavailable,2026-05-16,,System,,no-health-check,silent-failures,3,Service Reliability
Session 2 Review,INT-018,RESOLVED,Low,Dependencies,Orchestrator,orchestrator/src/orchestrator.py,Imports Celery but no message broker configured - unused heavy dependency,Archived Python orchestrator - no longer relevant,2026-05-16,2026-05-16,System,,unused-dependency,heavy-deps,2,Dependency Management
Session 2 Review,INT-019,OPEN,Medium,DevOps,Startup,project root,No comprehensive startup script for all services together,Create startup scripts (.bat and .sh) with proper dependency ordering,2026-05-16,,System,,no-startup-script,manual-startup,4,Developer Experience
